id,symbol,name,type,is_active,payout,min_order_amount,max_order_amount,min_duration,max_duration,available_timeframes,created_at,updated_at
1,EURUSD,EURUSD,currency,1,50.0,1.0,50000.0,5,43200,"[60, 120, 180, 300, 600, 900, 1800, 2700, 3600, 7200, 10800, 14400]",2026-02-26 16:39:12.836467,2026-03-01 01:48:56.555012
2,XAUUSD,XAUUSD,commodity,1,50.0,1.0,50000.0,5,43200,"[60, 120, 180, 300, 600, 900, 1800, 2700, 3600, 7200, 10800, 14400]",2026-02-26 16:39:12.837464,2026-03-01 01:48:56.555896
5,#AAPL,#AAPL,stock,1,50.0,1.0,50000.0,5,43200,"[60, 120, 180, 300, 600, 900, 1800, 2700, 3600, 7200, 10800, 14400]",2026-02-26 16:39:12.836467,2026-03-01 01:48:56.554018
8,#BA,#BA,stock,1,50.0,1.0,50000.0,5,43200,"[60, 120, 180, 300, 600, 900, 1800, 2700, 3600, 7200, 10800, 14400]",2026-02-26 16:39:12.836467,2026-03-01 01:48:56.554018
20,#JPM,#JPM,stock,1,50.0,1.0,50000.0,5,43200,"[60, 120, 180, 300, 600, 900, 1800, 2700, 3600, 7200, 10800, 14400]",2026-02-26 16:39:12.836467,2026-03-01 01:48:56.554018
23,#MCD,#MCD,stock,1,50.0,1.0,50000.0,5,43200,"[60, 120, 180, 300, 600, 900, 1800, 2700, 3600, 7200, 10800, 14400]",2026-02-26 16:39:12.836467,2026-03-01 01:48:56.554018
24,#MSFT,#MSFT,stock,1,50.0,1.0,50000.0,5,43200,"[60, 120, 180, 300, 600, 900, 1800, 2700, 3600, 7200, 10800, 14400]",2026-02-26 16:39:12.836467,2026-03-01 01:48:56.554018
36,AUDCAD,AUDCAD,currency,1,50.0,1.0,50000.0,5,43200,"[60, 120, 180, 300, 600, 900, 1800, 2700, 3600, 7200, 10800, 14400]",2026-02-26 16:39:12.836467,2026-03-01 01:48:56.554018
37,AUDCHF,AUDCHF,currency,1,50.0,1.0,50000.0,5,43200,"[60, 120, 180, 300, 600, 900, 1800, 2700, 3600, 7200, 10800, 14400]",2026-02-26 16:39:12.836467,2026-03-01 01:48:56.554018
38,AUDJPY,AUDJPY,currency,1,50.0,1.0,50000.0,5,43200,"[60, 120, 180, 300, 600, 900, 1800, 2700, 3600, 7200, 10800, 14400]",2026-02-26 16:39:12.836467,2026-03-01 01:48:56.554018
40,AUDUSD,AUDUSD,currency,1,50.0,1.0,50000.0,5,43200,"[60, 120, 180, 300, 600, 900, 1800, 2700, 3600, 7200, 10800, 14400]",2026-02-26 16:39:12.836467,2026-03-01 01:48:56.554018
41,CADCHF,CADCHF,currency,1,46.0,1.0,50000.0,5,43200,"[60, 120, 180, 300, 600, 900, 1800, 2700, 3600, 7200, 10800, 14400]",2026-02-26 16:39:12.836467,2026-03-01 01:48:56.554018
42,CADJPY,CADJPY,currency,1,50.0,1.0,50000.0,5,43200,"[60, 120, 180, 300, 600, 900, 1800, 2700, 3600, 7200, 10800, 14400]",2026-02-26 16:39:12.836467,2026-03-01 01:48:56.554018
43,CHFJPY,CHFJPY,currency,1,50.0,1.0,50000.0,5,43200,"[60, 120, 180, 300, 600, 900, 1800, 2700, 3600, 7200, 10800, 14400]",2026-02-26 16:39:12.836467,2026-03-01 01:48:56.554018
44,EURAUD,EURAUD,currency,1,50.0,1.0,50000.0,5,43200,"[60, 120, 180, 300, 600, 900, 1800, 2700, 3600, 7200, 10800, 14400]",2026-02-26 16:39:12.836467,2026-03-01 01:48:56.555012
45,EURCAD,EURCAD,currency,1,50.0,1.0,50000.0,5,43200,"[60, 120, 180, 300, 600, 900, 1800, 2700, 3600, 7200, 10800, 14400]",2026-02-26 16:39:12.836467,2026-03-01 01:48:56.555012
46,EURCHF,EURCHF,currency,1,50.0,1.0,50000.0,5,43200,"[60, 120, 180, 300, 600, 900, 1800, 2700, 3600, 7200, 10800, 14400]",2026-02-26 16:39:12.836467,2026-03-01 01:48:56.555012
47,EURGBP,EURGBP,currency,1,43.0,1.0,50000.0,5,43200,"[60, 120, 180, 300, 600, 900, 1800, 2700, 3600, 7200, 10800, 14400]",2026-02-26 16:39:12.836467,2026-03-01 01:48:56.555012
48,EURJPY,EURJPY,currency,1,58.0,1.0,50000.0,5,43200,"[60, 120, 180, 300, 600, 900, 1800, 2700, 3600, 7200, 10800, 14400]",2026-02-26 16:39:12.836467,2026-03-01 01:48:56.555012
50,UKBrent,UKBrent,commodity,1,50.0,1.0,50000.0,5,43200,"[60, 120, 180, 300, 600, 900, 1800, 2700, 3600, 7200, 10800, 14400]",2026-02-26 16:39:12.837464,2026-03-01 01:48:56.555372
51,GBPAUD,GBPAUD,currency,1,50.0,1.0,50000.0,5,43200,"[60, 120, 180, 300, 600, 900, 1800, 2700, 3600, 7200, 10800, 14400]",2026-02-26 16:39:12.836467,2026-03-01 01:48:56.555012
52,GBPCAD,GBPCAD,currency,1,50.0,1.0,50000.0,5,43200,"[60, 120, 180, 300, 600, 900, 1800, 2700, 3600, 7200, 10800, 14400]",2026-02-26 16:39:12.836467,2026-03-01 01:48:56.555012
53,GBPCHF,GBPCHF,currency,1,50.0,1.0,50000.0,5,43200,"[60, 120, 180, 300, 600, 900, 1800, 2700, 3600, 7200, 10800, 14400]",2026-02-26 16:39:12.836467,2026-03-01 01:48:56.555012
54,GBPJPY,GBPJPY,currency,1,58.0,1.0,50000.0,5,43200,"[60, 120, 180, 300, 600, 900, 1800, 2700, 3600, 7200, 10800, 14400]",2026-02-26 16:39:12.836467,2026-03-01 01:48:56.555012
56,GBPUSD,GBPUSD,currency,1,50.0,1.0,50000.0,5,43200,"[60, 120, 180, 300, 600, 900, 1800, 2700, 3600, 7200, 10800, 14400]",2026-02-26 16:39:12.836467,2026-03-01 01:48:56.555012
61,USDCAD,USDCAD,currency,1,50.0,1.0,50000.0,5,43200,"[60, 120, 180, 300, 600, 900, 1800, 2700, 3600, 7200, 10800, 14400]",2026-02-26 16:39:12.837464,2026-03-01 01:48:56.555372
62,USDCHF,USDCHF,currency,1,50.0,1.0,50000.0,5,43200,"[60, 120, 180, 300, 600, 900, 1800, 2700, 3600, 7200, 10800, 14400]",2026-02-26 16:39:12.837464,2026-03-01 01:48:56.555372
63,USDJPY,USDJPY,currency,1,50.0,1.0,50000.0,5,43200,"[60, 120, 180, 300, 600, 900, 1800, 2700, 3600, 7200, 10800, 14400]",2026-02-26 16:39:12.837464,2026-03-01 01:48:56.555372
64,USCrude,USCrude,commodity,1,50.0,1.0,50000.0,5,43200,"[60, 120, 180, 300, 600, 900, 1800, 2700, 3600, 7200, 10800, 14400]",2026-02-26 16:39:12.837464,2026-03-01 01:48:56.555372
65,XAGUSD,XAGUSD,commodity,1,50.0,1.0,50000.0,5,43200,"[60, 120, 180, 300, 600, 900, 1800, 2700, 3600, 7200, 10800, 14400]",2026-02-26 16:39:12.837464,2026-03-01 01:48:56.555896
66,EURUSD_otc,EURUSD_otc,currency,1,92.0,1.0,50000.0,5,43200,"[60, 120, 180, 300, 600, 900, 1800, 2700, 3600, 7200, 10800, 14400]",2026-02-26 16:39:12.836467,2026-03-01 01:48:56.555012
67,AUDCAD_otc,AUDCAD_otc,currency,1,82.0,1.0,50000.0,5,43200,"[60, 120, 180, 300, 600, 900, 1800, 2700, 3600, 7200, 10800, 14400]",2026-02-26 16:39:12.836467,2026-03-01 01:48:56.554018
68,AUDCHF_otc,AUDCHF_otc,currency,1,92.0,1.0,50000.0,5,43200,"[60, 120, 180, 300, 600, 900, 1800, 2700, 3600, 7200, 10800, 14400]",2026-02-26 16:39:12.836467,2026-03-01 01:48:56.554018
69,AUDJPY_otc,AUDJPY_otc,currency,1,73.0,1.0,50000.0,5,43200,"[60, 120, 180, 300, 600, 900, 1800, 2700, 3600, 7200, 10800, 14400]",2026-02-26 16:39:12.836467,2026-03-01 01:48:56.554018
70,AUDNZD_otc,AUDNZD_otc,currency,1,92.0,1.0,50000.0,5,43200,"[60, 120, 180, 300, 600, 900, 1800, 2700, 3600, 7200, 10800, 14400]",2026-02-26 16:39:12.836467,2026-03-01 01:48:56.554018
71,AUDUSD_otc,AUDUSD_otc,currency,1,92.0,1.0,50000.0,5,43200,"[60, 120, 180, 300, 600, 900, 1800, 2700, 3600, 7200, 10800, 14400]",2026-02-26 16:39:12.836467,2026-03-01 01:48:56.554018
72,CADCHF_otc,CADCHF_otc,currency,1,92.0,1.0,50000.0,5,43200,"[60, 120, 180, 300, 600, 900, 1800, 2700, 3600, 7200, 10800, 14400]",2026-02-26 16:39:12.836467,2026-03-01 01:48:56.554018
73,CADJPY_otc,CADJPY_otc,currency,1,92.0,1.0,50000.0,5,43200,"[60, 120, 180, 300, 600, 900, 1800, 2700, 3600, 7200, 10800, 14400]",2026-02-26 16:39:12.836467,2026-03-01 01:48:56.554018
74,CHFJPY_otc,CHFJPY_otc,currency,1,75.0,1.0,50000.0,5,43200,"[60, 120, 180, 300, 600, 900, 1800, 2700, 3600, 7200, 10800, 14400]",2026-02-26 16:39:12.836467,2026-03-01 01:48:56.554018
77,EURCHF_otc,EURCHF_otc,currency,1,82.0,1.0,50000.0,5,43200,"[60, 120, 180, 300, 600, 900, 1800, 2700, 3600, 7200, 10800, 14400]",2026-02-26 16:39:12.836467,2026-03-01 01:48:56.555012
78,EURGBP_otc,EURGBP_otc,currency,1,53.0,1.0,50000.0,5,43200,"[60, 120, 180, 300, 600, 900, 1800, 2700, 3600, 7200, 10800, 14400]",2026-02-26 16:39:12.836467,2026-03-01 01:48:56.555012
79,EURJPY_otc,EURJPY_otc,currency,1,92.0,1.0,50000.0,5,43200,"[60, 120, 180, 300, 600, 900, 1800, 2700, 3600, 7200, 10800, 14400]",2026-02-26 16:39:12.836467,2026-03-01 01:48:56.555012
80,EURNZD_otc,EURNZD_otc,currency,1,86.0,1.0,50000.0,5,43200,"[60, 120, 180, 300, 600, 900, 1800, 2700, 3600, 7200, 10800, 14400]",2026-02-26 16:39:12.836467,2026-03-01 01:48:56.555012
81,GBPAUD_otc,GBPAUD_otc,currency,1,46.0,1.0,50000.0,5,43200,"[60, 120, 180, 300, 600, 900, 1800, 2700, 3600, 7200, 10800, 14400]",2026-02-26 16:39:12.836467,2026-03-01 01:48:56.555012
84,GBPJPY_otc,GBPJPY_otc,currency,1,43.0,1.0,50000.0,5,43200,"[60, 120, 180, 300, 600, 900, 1800, 2700, 3600, 7200, 10800, 14400]",2026-02-26 16:39:12.836467,2026-03-01 01:48:56.555012
86,GBPUSD_otc,GBPUSD_otc,currency,1,68.0,1.0,50000.0,5,43200,"[60, 120, 180, 300, 600, 900, 1800, 2700, 3600, 7200, 10800, 14400]",2026-02-26 16:39:12.836467,2026-03-01 01:48:56.555012
89,NZDJPY_otc,NZDJPY_otc,currency,1,48.0,1.0,50000.0,5,43200,"[60, 120, 180, 300, 600, 900, 1800, 2700, 3600, 7200, 10800, 14400]",2026-02-26 16:39:12.836467,2026-03-01 01:48:56.555372
90,NZDUSD_otc,NZDUSD_otc,currency,1,53.0,1.0,50000.0,5,43200,"[60, 120, 180, 300, 600, 900, 1800, 2700, 3600, 7200, 10800, 14400]",2026-02-26 16:39:12.836467,2026-03-01 01:48:56.555372
91,USDCAD_otc,USDCAD_otc,currency,1,46.0,1.0,50000.0,5,43200,"[60, 120, 180, 300, 600, 900, 1800, 2700, 3600, 7200, 10800, 14400]",2026-02-26 16:39:12.837464,2026-03-01 01:48:56.555372
92,USDCHF_otc,USDCHF_otc,currency,1,62.0,1.0,50000.0,5,43200,"[60, 120, 180, 300, 600, 900, 1800, 2700, 3600, 7200, 10800, 14400]",2026-02-26 16:39:12.837464,2026-03-01 01:48:56.555372
93,USDJPY_otc,USDJPY_otc,currency,1,81.0,1.0,50000.0,5,43200,"[60, 120, 180, 300, 600, 900, 1800, 2700, 3600, 7200, 10800, 14400]",2026-02-26 16:39:12.837464,2026-03-01 01:48:56.555372
102,XAUEUR,XAUEUR,commodity,1,50.0,1.0,50000.0,5,43200,"[60, 120, 180, 300, 600, 900, 1800, 2700, 3600, 7200, 10800, 14400]",2026-02-26 16:39:12.837464,2026-03-01 01:48:56.555896
103,XAGEUR,XAGEUR,commodity,1,50.0,1.0,50000.0,5,43200,"[60, 120, 180, 300, 600, 900, 1800, 2700, 3600, 7200, 10800, 14400]",2026-02-26 16:39:12.837464,2026-03-01 01:48:56.555896
140,#AXP,#AXP,stock,1,50.0,1.0,50000.0,5,43200,"[60, 120, 180, 300, 600, 900, 1800, 2700, 3600, 7200, 10800, 14400]",2026-02-26 16:39:12.836467,2026-03-01 01:48:56.554018
144,#JNJ,#JNJ,stock,1,50.0,1.0,50000.0,5,43200,"[60, 120, 180, 300, 600, 900, 1800, 2700, 3600, 7200, 10800, 14400]",2026-02-26 16:39:12.836467,2026-03-01 01:48:56.554018
147,#PFE,#PFE,stock,1,50.0,1.0,50000.0,5,43200,"[60, 120, 180, 300, 600, 900, 1800, 2700, 3600, 7200, 10800, 14400]",2026-02-26 16:39:12.836467,2026-03-01 01:48:56.554018
153,#XOM,#XOM,stock,1,45.0,1.0,50000.0,5,43200,"[60, 120, 180, 300, 600, 900, 1800, 2700, 3600, 7200, 10800, 14400]",2026-02-26 16:39:12.836467,2026-03-01 01:48:56.554018
154,#CSCO,#CSCO,stock,1,45.0,1.0,50000.0,5,43200,"[60, 120, 180, 300, 600, 900, 1800, 2700, 3600, 7200, 10800, 14400]",2026-02-26 16:39:12.836467,2026-03-01 01:48:56.554018
164,UKBrent_otc,UKBrent_otc,commodity,1,80.0,1.0,50000.0,5,43200,"[60, 120, 180, 300, 600, 900, 1800, 2700, 3600, 7200, 10800, 14400]",2026-02-26 16:39:12.837464,2026-03-01 01:48:56.555372
165,USCrude_otc,USCrude_otc,commodity,1,80.0,1.0,50000.0,5,43200,"[60, 120, 180, 300, 600, 900, 1800, 2700, 3600, 7200, 10800, 14400]",2026-02-26 16:39:12.837464,2026-03-01 01:48:56.555372
167,XAGUSD_otc,XAGUSD_otc,commodity,1,80.0,1.0,50000.0,5,43200,"[60, 120, 180, 300, 600, 900, 1800, 2700, 3600, 7200, 10800, 14400]",2026-02-26 16:39:12.837464,2026-03-01 01:48:56.555896
169,XAUUSD_otc,XAUUSD_otc,commodity,1,80.0,1.0,50000.0,5,43200,"[60, 120, 180, 300, 600, 900, 1800, 2700, 3600, 7200, 10800, 14400]",2026-02-26 16:39:12.837464,2026-03-01 01:48:56.555896
170,#AAPL_otc,#AAPL_otc,stock,1,92.0,1.0,50000.0,5,43200,"[60, 120, 180, 300, 600, 900, 1800, 2700, 3600, 7200, 10800, 14400]",2026-02-26 16:39:12.836467,2026-03-01 01:48:56.554018
175,#MCD_otc,#MCD_otc,stock,1,92.0,1.0,50000.0,5,43200,"[60, 120, 180, 300, 600, 900, 1800, 2700, 3600, 7200, 10800, 14400]",2026-02-26 16:39:12.836467,2026-03-01 01:48:56.554018
176,#MSFT_otc,#MSFT_otc,stock,1,92.0,1.0,50000.0,5,43200,"[60, 120, 180, 300, 600, 900, 1800, 2700, 3600, 7200, 10800, 14400]",2026-02-26 16:39:12.836467,2026-03-01 01:48:56.554018
177,#FB,#FB,stock,1,50.0,1.0,50000.0,5,43200,"[60, 120, 180, 300, 600, 900, 1800, 2700, 3600, 7200, 10800, 14400]",2026-02-26 16:39:12.836467,2026-03-01 01:48:56.554018
180,#INTC,#INTC,stock,1,25.0,1.0,50000.0,5,43200,"[60, 120, 180, 300, 600, 900, 1800, 2700, 3600, 7200, 10800, 14400]",2026-02-26 16:39:12.836467,2026-03-01 01:48:56.554018
182,#NFLX,#NFLX,stock,1,50.0,1.0,50000.0,5,43200,"[60, 120, 180, 300, 600, 900, 1800, 2700, 3600, 7200, 10800, 14400]",2026-02-26 16:39:12.836467,2026-03-01 01:48:56.555372
183,#BABA,#BABA,stock,1,50.0,1.0,50000.0,5,43200,"[60, 120, 180, 300, 600, 900, 1800, 2700, 3600, 7200, 10800, 14400]",2026-02-26 16:39:12.836467,2026-03-01 01:48:56.554018
186,#TSLA,#TSLA,stock,1,50.0,1.0,50000.0,5,43200,"[60, 120, 180, 300, 600, 900, 1800, 2700, 3600, 7200, 10800, 14400]",2026-02-26 16:39:12.836467,2026-03-01 01:48:56.554018
187,#FB_otc,#FB_otc,stock,1,82.0,1.0,50000.0,5,43200,"[60, 120, 180, 300, 600, 900, 1800, 2700, 3600, 7200, 10800, 14400]",2026-02-26 16:39:12.836467,2026-03-01 01:48:56.554018
190,#INTC_otc,#INTC_otc,stock,1,67.0,1.0,50000.0,5,43200,"[60, 120, 180, 300, 600, 900, 1800, 2700, 3600, 7200, 10800, 14400]",2026-02-26 16:39:12.836467,2026-03-01 01:48:56.554018
196,#TSLA_otc,#TSLA_otc,stock,1,92.0,1.0,50000.0,5,43200,"[60, 120, 180, 300, 600, 900, 1800, 2700, 3600, 7200, 10800, 14400]",2026-02-26 16:39:12.836467,2026-03-01 01:48:56.554018
197,BTCUSD,BTCUSD,cryptocurrency,1,15.0,1.0,50000.0,5,43200,"[60, 120, 180, 300]",2026-02-26 16:39:12.836467,2026-03-01 01:48:56.554018
199,USDRUB_otc,USDRUB_otc,currency,1,49.0,1.0,50000.0,5,43200,"[60, 120, 180, 300, 600, 900, 1800, 2700, 3600, 7200, 10800, 14400]",2026-02-26 16:39:12.837464,2026-03-01 01:48:56.555896
200,EURRUB_otc,EURRUB_otc,currency,1,74.0,1.0,50000.0,5,43200,"[60, 120, 180, 300, 600, 900, 1800, 2700, 3600, 7200, 10800, 14400]",2026-02-26 16:39:12.836467,2026-03-01 01:48:56.555012
202,USDINR_otc,USDINR_otc,currency,1,71.0,1.0,50000.0,5,43200,"[60, 120, 180, 300, 600, 900, 1800, 2700, 3600, 7200, 10800, 14400]",2026-02-26 16:39:12.837464,2026-03-01 01:48:56.555372
209,DASH_USD,DASH_USD,cryptocurrency,1,25.0,1.0,50000.0,5,43200,"[60, 120, 180, 300]",2026-02-26 16:39:12.836467,2026-03-01 01:48:56.554018
272,ETHUSD,ETHUSD,cryptocurrency,1,40.0,1.0,50000.0,5,43200,"[60, 120, 180, 300]",2026-02-26 16:39:12.836467,2026-03-01 01:48:56.555012
291,#AXP_otc,#AXP_otc,stock,1,81.0,1.0,50000.0,5,43200,"[60, 120, 180, 300, 600, 900, 1800, 2700, 3600, 7200, 10800, 14400]",2026-02-26 16:39:12.836467,2026-03-01 01:48:56.554018
292,#BA_otc,#BA_otc,stock,1,59.0,1.0,50000.0,5,43200,"[60, 120, 180, 300, 600, 900, 1800, 2700, 3600, 7200, 10800, 14400]",2026-02-26 16:39:12.836467,2026-03-01 01:48:56.554018
296,#JNJ_otc,#JNJ_otc,stock,1,88.0,1.0,50000.0,5,43200,"[60, 120, 180, 300, 600, 900, 1800, 2700, 3600, 7200, 10800, 14400]",2026-02-26 16:39:12.836467,2026-03-01 01:48:56.554018
297,#PFE_otc,#PFE_otc,stock,1,92.0,1.0,50000.0,5,43200,"[60, 120, 180, 300, 600, 900, 1800, 2700, 3600, 7200, 10800, 14400]",2026-02-26 16:39:12.836467,2026-03-01 01:48:56.554018
305,AUS200,AUS200,index,1,37.0,1.0,50000.0,5,43200,"[60, 120, 180, 300, 600, 900, 1800, 2700, 3600, 7200, 10800, 14400]",2026-02-26 16:39:12.836467,2026-03-01 01:48:56.554018
306,AUS200_otc,AUS200_otc,index,1,67.0,1.0,50000.0,5,43200,"[60, 120, 180, 300, 600, 900, 1800, 2700, 3600, 7200, 10800, 14400]",2026-02-26 16:39:12.836467,2026-03-01 01:48:56.554018
311,XNGUSD,XNGUSD,commodity,1,45.0,1.0,50000.0,5,43200,"[60, 120, 180, 300, 600, 900, 1800, 2700, 3600, 7200, 10800, 14400]",2026-02-26 16:39:12.837464,2026-03-01 01:48:56.555896
312,XPTUSD,XPTUSD,commodity,1,45.0,1.0,50000.0,5,43200,"[60, 120, 180, 300, 600, 900, 1800, 2700, 3600, 7200, 10800, 14400]",2026-02-26 16:39:12.837464,2026-03-01 01:48:56.555896
313,XPDUSD,XPDUSD,commodity,1,45.0,1.0,50000.0,5,43200,"[60, 120, 180, 300, 600, 900, 1800, 2700, 3600, 7200, 10800, 14400]",2026-02-26 16:39:12.837464,2026-03-01 01:48:56.555896
314,E35EUR,E35EUR,index,1,45.0,1.0,50000.0,5,43200,"[60, 120, 180, 300, 600, 900, 1800, 2700, 3600, 7200, 10800, 14400]",2026-02-26 16:39:12.836467,2026-03-01 01:48:56.554018
315,100GBP,100GBP,index,1,45.0,1.0,50000.0,5,43200,"[60, 120, 180, 300, 600, 900, 1800, 2700, 3600, 7200, 10800, 14400]",2026-02-26 16:39:12.836467,2026-03-01 01:48:56.554018
316,F40EUR,F40EUR,index,1,45.0,1.0,50000.0,5,43200,"[60, 120, 180, 300, 600, 900, 1800, 2700, 3600, 7200, 10800, 14400]",2026-02-26 16:39:12.836467,2026-03-01 01:48:56.555012
317,JPN225,JPN225,index,1,45.0,1.0,50000.0,5,43200,"[60, 120, 180, 300, 600, 900, 1800, 2700, 3600, 7200, 10800, 14400]",2026-02-26 16:39:12.836467,2026-03-01 01:48:56.555012
318,D30EUR,D30EUR,index,1,45.0,1.0,50000.0,5,43200,"[60, 120, 180, 300, 600, 900, 1800, 2700, 3600, 7200, 10800, 14400]",2026-02-26 16:39:12.836467,2026-03-01 01:48:56.554018
319,E50EUR,E50EUR,index,1,45.0,1.0,50000.0,5,43200,"[60, 120, 180, 300, 600, 900, 1800, 2700, 3600, 7200, 10800, 14400]",2026-02-26 16:39:12.836467,2026-03-01 01:48:56.554018
321,SP500,SP500,index,1,45.0,1.0,50000.0,5,43200,"[60, 120, 180, 300, 600, 900, 1800, 2700, 3600, 7200, 10800, 14400]",2026-02-26 16:39:12.837464,2026-03-01 01:48:56.555372
322,DJI30,DJI30,index,1,45.0,1.0,50000.0,5,43200,"[60, 120, 180, 300, 600, 900, 1800, 2700, 3600, 7200, 10800, 14400]",2026-02-26 16:39:12.836467,2026-03-01 01:48:56.554018
323,NASUSD,NASUSD,index,1,45.0,1.0,50000.0,5,43200,"[60, 120, 180, 300, 600, 900, 1800, 2700, 3600, 7200, 10800, 14400]",2026-02-26 16:39:12.836467,2026-03-01 01:48:56.555372
326,#CITI,#CITI,stock,1,50.0,1.0,50000.0,5,43200,"[60, 120, 180, 300, 600, 900, 1800, 2700, 3600, 7200, 10800, 14400]",2026-02-26 16:39:12.836467,2026-03-01 01:48:56.554018
399,XNGUSD_otc,XNGUSD_otc,commodity,1,45.0,1.0,50000.0,5,43200,"[60, 120, 180, 300, 600, 900, 1800, 2700, 3600, 7200, 10800, 14400]",2026-02-26 16:39:12.837464,2026-03-01 01:48:56.555896
400,XPTUSD_otc,XPTUSD_otc,commodity,1,45.0,1.0,50000.0,5,43200,"[60, 120, 180, 300, 600, 900, 1800, 2700, 3600, 7200, 10800, 14400]",2026-02-26 16:39:12.837464,2026-03-01 01:48:56.555896
401,XPDUSD_otc,XPDUSD_otc,commodity,1,45.0,1.0,50000.0,5,43200,"[60, 120, 180, 300, 600, 900, 1800, 2700, 3600, 7200, 10800, 14400]",2026-02-26 16:39:12.837464,2026-03-01 01:48:56.555896
402,E35EUR_otc,E35EUR_otc,index,1,45.0,1.0,50000.0,5,43200,"[60, 120, 180, 300, 600, 900, 1800, 2700, 3600, 7200, 10800, 14400]",2026-02-26 16:39:12.836467,2026-03-01 01:48:56.554018
403,100GBP_otc,100GBP_otc,index,1,45.0,1.0,50000.0,5,43200,"[60, 120, 180, 300, 600, 900, 1800, 2700, 3600, 7200, 10800, 14400]",2026-02-26 16:39:12.836467,2026-03-01 01:48:56.554018
404,F40EUR_otc,F40EUR_otc,index,1,45.0,1.0,50000.0,5,43200,"[60, 120, 180, 300, 600, 900, 1800, 2700, 3600, 7200, 10800, 14400]",2026-02-26 16:39:12.836467,2026-03-01 01:48:56.555012
405,JPN225_otc,JPN225_otc,index,1,45.0,1.0,50000.0,5,43200,"[60, 120, 180, 300, 600, 900, 1800, 2700, 3600, 7200, 10800, 14400]",2026-02-26 16:39:12.836467,2026-03-01 01:48:56.555012
406,D30EUR_otc,D30EUR_otc,index,1,45.0,1.0,50000.0,5,43200,"[60, 120, 180, 300, 600, 900, 1800, 2700, 3600, 7200, 10800, 14400]",2026-02-26 16:39:12.836467,2026-03-01 01:48:56.554018
407,E50EUR_otc,E50EUR_otc,index,1,45.0,1.0,50000.0,5,43200,"[60, 120, 180, 300, 600, 900, 1800, 2700, 3600, 7200, 10800, 14400]",2026-02-26 16:39:12.836467,2026-03-01 01:48:56.554018
408,SP500_otc,SP500_otc,index,1,45.0,1.0,50000.0,5,43200,"[60, 120, 180, 300, 600, 900, 1800, 2700, 3600, 7200, 10800, 14400]",2026-02-26 16:39:12.837464,2026-03-01 01:48:56.555372
409,DJI30_otc,DJI30_otc,index,1,45.0,1.0,50000.0,5,43200,"[60, 120, 180, 300, 600, 900, 1800, 2700, 3600, 7200, 10800, 14400]",2026-02-26 16:39:12.836467,2026-03-01 01:48:56.554018
410,NASUSD_otc,NASUSD_otc,index,1,45.0,1.0,50000.0,5,43200,"[60, 120, 180, 300, 600, 900, 1800, 2700, 3600, 7200, 10800, 14400]",2026-02-26 16:39:12.836467,2026-03-01 01:48:56.555372
412,#AMZN_otc,#AMZN_otc,stock,1,72.0,1.0,50000.0,5,43200,"[60, 120, 180, 300, 600, 900, 1800, 2700, 3600, 7200, 10800, 14400]",2026-02-26 16:39:12.836467,2026-03-01 01:48:56.554018
413,#CITI_otc,#CITI_otc,stock,1,67.0,1.0,50000.0,5,43200,"[60, 120, 180, 300, 600, 900, 1800, 2700, 3600, 7200, 10800, 14400]",2026-02-26 16:39:12.836467,2026-03-01 01:48:56.554018
414,#FDX_otc,#FDX_otc,stock,1,83.0,1.0,50000.0,5,43200,"[60, 120, 180, 300, 600, 900, 1800, 2700, 3600, 7200, 10800, 14400]",2026-02-26 16:39:12.836467,2026-03-01 01:48:56.555012
416,#VISA_otc,#VISA_otc,stock,1,79.0,1.0,50000.0,5,43200,"[60, 120, 180, 300, 600, 900, 1800, 2700, 3600, 7200, 10800, 14400]",2026-02-26 16:39:12.837464,2026-03-01 01:48:56.555896
426,#XOM_otc,#XOM_otc,stock,1,63.0,1.0,50000.0,5,43200,"[60, 120, 180, 300, 600, 900, 1800, 2700, 3600, 7200, 10800, 14400]",2026-02-26 16:39:12.836467,2026-03-01 01:48:56.554018
427,#CSCO_otc,#CSCO_otc,stock,1,20.0,1.0,50000.0,5,43200,"[60, 120, 180, 300, 600, 900, 1800, 2700, 3600, 7200, 10800, 14400]",2026-02-26 16:39:12.836467,2026-03-01 01:48:56.554018
428,#BABA_otc,#BABA_otc,stock,1,88.0,1.0,50000.0,5,43200,"[60, 120, 180, 300, 600, 900, 1800, 2700, 3600, 7200, 10800, 14400]",2026-02-26 16:39:12.836467,2026-03-01 01:48:56.554018
429,#NFLX_otc,#NFLX_otc,stock,1,85.0,1.0,50000.0,5,43200,"[60, 120, 180, 300, 600, 900, 1800, 2700, 3600, 7200, 10800, 14400]",2026-02-26 16:39:12.836467,2026-03-01 01:48:56.555372
449,AEX25,AEX25,index,1,45.0,1.0,50000.0,5,43200,"[60, 120, 180, 300, 600, 900, 1800, 2700, 3600, 7200, 10800, 14400]",2026-02-26 16:39:12.836467,2026-03-01 01:48:56.554018
450,BCHEUR,BCHEUR,cryptocurrency,1,15.0,1.0,50000.0,5,43200,"[60, 120, 180, 300]",2026-02-26 16:39:12.836467,2026-03-01 01:48:56.554018
451,BCHGBP,BCHGBP,cryptocurrency,1,15.0,1.0,50000.0,5,43200,"[60, 120, 180, 300]",2026-02-26 16:39:12.836467,2026-03-01 01:48:56.554018
452,BCHJPY,BCHJPY,cryptocurrency,1,15.0,1.0,50000.0,5,43200,"[60, 120, 180, 300]",2026-02-26 16:39:12.836467,2026-03-01 01:48:56.554018
453,BTCGBP,BTCGBP,cryptocurrency,1,15.0,1.0,50000.0,5,43200,"[60, 120, 180, 300]",2026-02-26 16:39:12.836467,2026-03-01 01:48:56.554018
454,BTCJPY,BTCJPY,cryptocurrency,1,15.0,1.0,50000.0,5,43200,"[60, 120, 180, 300]",2026-02-26 16:39:12.836467,2026-03-01 01:48:56.554018
455,CAC40,CAC40,index,1,45.0,1.0,50000.0,5,43200,"[60, 120, 180, 300, 600, 900, 1800, 2700, 3600, 7200, 10800, 14400]",2026-02-26 16:39:12.836467,2026-03-01 01:48:56.554018
457,CHFNOK_otc,CHFNOK_otc,currency,1,85.0,1.0,50000.0,5,43200,"[60, 120, 180, 300, 600, 900, 1800, 2700, 3600, 7200, 10800, 14400]",2026-02-26 16:39:12.836467,2026-03-01 01:48:56.554018
460,EURHUF_otc,EURHUF_otc,currency,1,79.0,1.0,50000.0,5,43200,"[60, 120, 180, 300, 600, 900, 1800, 2700, 3600, 7200, 10800, 14400]",2026-02-26 16:39:12.836467,2026-03-01 01:48:56.555012
463,H33HKD,H33HKD,index,1,45.0,1.0,50000.0,5,43200,"[60, 120, 180, 300, 600, 900, 1800, 2700, 3600, 7200, 10800, 14400]",2026-02-26 16:39:12.836467,2026-03-01 01:48:56.555012
464,LNKUSD,LNKUSD,cryptocurrency,1,15.0,1.0,50000.0,5,43200,"[60, 120, 180, 300]",2026-02-26 16:39:12.836467,2026-03-01 01:48:56.555012
466,SMI20,SMI20,index,1,45.0,1.0,50000.0,5,43200,"[60, 120, 180, 300, 600, 900, 1800, 2700, 3600, 7200, 10800, 14400]",2026-02-26 16:39:12.836467,2026-03-01 01:48:56.555372
467,USDCNH_otc,USDCNH_otc,currency,1,66.0,1.0,50000.0,5,43200,"[60, 120, 180, 300, 600, 900, 1800, 2700, 3600, 7200, 10800, 14400]",2026-02-26 16:39:12.837464,2026-03-01 01:48:56.555372
468,EURTRY_otc,EURTRY_otc,currency,1,92.0,1.0,50000.0,5,43200,"[60, 120, 180, 300, 600, 900, 1800, 2700, 3600, 7200, 10800, 14400]",2026-02-26 16:39:12.836467,2026-03-01 01:48:56.555012
470,BNB-USD_otc,BNB-USD_otc,cryptocurrency,1,92.0,1.0,50000.0,5,43200,"[60, 120, 180, 300]",2026-02-26 16:39:12.836467,2026-03-01 01:48:56.554018
472,SOL-USD_otc,SOL-USD_otc,cryptocurrency,1,68.0,1.0,50000.0,5,43200,"[60, 120, 180, 300]",2026-02-26 16:39:12.836467,2026-03-01 01:48:56.555372
473,ADA-USD_otc,ADA-USD_otc,cryptocurrency,1,52.0,1.0,50000.0,5,43200,"[60, 120, 180, 300]",2026-02-26 16:39:12.836467,2026-03-01 01:48:56.554018
476,TRX-USD_otc,TRX-USD_otc,cryptocurrency,1,45.0,1.0,50000.0,5,43200,"[60, 120, 180, 300]",2026-02-26 16:39:12.837464,2026-03-01 01:48:56.555372
478,LINK_otc,LINK_otc,cryptocurrency,1,85.0,1.0,50000.0,5,43200,"[60, 120, 180, 300]",2026-02-26 16:39:12.836467,2026-03-01 01:48:56.555012
480,TON-USD_otc,TON-USD_otc,cryptocurrency,1,75.0,1.0,50000.0,5,43200,"[60, 120, 180, 300]",2026-02-26 16:39:12.837464,2026-03-01 01:48:56.555372
481,AVAX_otc,AVAX_otc,cryptocurrency,1,92.0,1.0,50000.0,5,43200,"[60, 120, 180, 300]",2026-02-26 16:39:12.836467,2026-03-01 01:48:56.554018
484,BTCUSD_otc,BTCUSD_otc,cryptocurrency,1,76.0,1.0,50000.0,5,43200,"[60, 120, 180, 300]",2026-02-26 16:39:12.836467,2026-03-01 01:48:56.554018
485,DOGE_otc,DOGE_otc,cryptocurrency,1,92.0,1.0,50000.0,5,43200,"[60, 120, 180, 300]",2026-02-26 16:39:12.836467,2026-03-01 01:48:56.554018
486,DOTUSD_otc,DOTUSD_otc,cryptocurrency,1,57.0,1.0,50000.0,5,43200,"[60, 120, 180, 300]",2026-02-26 16:39:12.836467,2026-03-01 01:48:56.554018
487,ETHUSD_otc,ETHUSD_otc,cryptocurrency,1,92.0,1.0,50000.0,5,43200,"[60, 120, 180, 300]",2026-02-26 16:39:12.836467,2026-03-01 01:48:56.555012
488,LTCUSD_otc,LTCUSD_otc,cryptocurrency,1,92.0,1.0,50000.0,5,43200,"[60, 120, 180, 300]",2026-02-26 16:39:12.836467,2026-03-01 01:48:56.555012
491,MATIC_otc,MATIC_otc,cryptocurrency,1,88.0,1.0,50000.0,5,43200,"[60, 120, 180, 300]",2026-02-26 16:39:12.836467,2026-03-01 01:48:56.555372
494,BITB_otc,BITB_otc,cryptocurrency,1,92.0,1.0,50000.0,5,43200,"[60, 120, 180, 300]",2026-02-26 16:39:12.836467,2026-03-01 01:48:56.554018
500,USDBDT_otc,USDBDT_otc,currency,1,92.0,1.0,50000.0,5,43200,"[60, 120, 180, 300, 600, 900, 1800, 2700, 3600, 7200, 10800, 14400]",2026-02-26 16:39:12.837464,2026-03-01 01:48:56.555372
502,USDBRL_otc,USDBRL_otc,currency,1,84.0,1.0,50000.0,5,43200,"[60, 120, 180, 300, 600, 900, 1800, 2700, 3600, 7200, 10800, 14400]",2026-02-26 16:39:12.837464,2026-03-01 01:48:56.555372
504,USDIDR,USDIDR,currency,1,71.0,1.0,50000.0,5,43200,"[60, 120, 180, 300, 600, 900, 1800, 2700, 3600, 7200, 10800, 14400]",2026-02-26 16:39:12.837464,2026-03-01 01:48:56.555372
506,USDARS_otc,USDARS_otc,currency,1,33.0,1.0,50000.0,5,43200,"[60, 120, 180, 300, 600, 900, 1800, 2700, 3600, 7200, 10800, 14400]",2026-02-26 16:39:12.837464,2026-03-01 01:48:56.555372
508,USDDZD_otc,USDDZD_otc,currency,1,81.0,1.0,50000.0,5,43200,"[60, 120, 180, 300, 600, 900, 1800, 2700, 3600, 7200, 10800, 14400]",2026-02-26 16:39:12.837464,2026-03-01 01:48:56.555372
509,USDMXN_otc,USDMXN_otc,currency,1,75.0,1.0,50000.0,5,43200,"[60, 120, 180, 300, 600, 900, 1800, 2700, 3600, 7200, 10800, 14400]",2026-02-26 16:39:12.837464,2026-03-01 01:48:56.555372
511,USDPHP_otc,USDPHP_otc,currency,1,83.0,1.0,50000.0,5,43200,"[60, 120, 180, 300, 600, 900, 1800, 2700, 3600, 7200, 10800, 14400]",2026-02-26 16:39:12.837464,2026-03-01 01:48:56.555886
513,USDEGP_otc,USDEGP_otc,currency,1,80.0,1.0,50000.0,5,43200,"[60, 120, 180, 300, 600, 900, 1800, 2700, 3600, 7200, 10800, 14400]",2026-02-26 16:39:12.837464,2026-03-01 01:48:56.555372
515,USDCOP_otc,USDCOP_otc,currency,1,92.0,1.0,50000.0,5,43200,"[60, 120, 180, 300, 600, 900, 1800, 2700, 3600, 7200, 10800, 14400]",2026-02-26 16:39:12.837464,2026-03-01 01:48:56.555372
517,USDPKR_otc,USDPKR_otc,currency,1,92.0,1.0,50000.0,5,43200,"[60, 120, 180, 300, 600, 900, 1800, 2700, 3600, 7200, 10800, 14400]",2026-02-26 16:39:12.837464,2026-03-01 01:48:56.555896
519,USDVND_otc,USDVND_otc,currency,1,92.0,1.0,50000.0,5,43200,"[60, 120, 180, 300, 600, 900, 1800, 2700, 3600, 7200, 10800, 14400]",2026-02-26 16:39:12.837464,2026-03-01 01:48:56.555896
521,Microsoft_otc,Microsoft_otc,currency,1,87.0,1.0,50000.0,5,43200,"[60, 120, 180, 300, 600, 900, 1800, 2700, 3600, 7200, 10800, 14400]",2026-02-26 16:39:12.837464,2026-03-01 01:48:56.555896
523,Tesla_otc,Tesla_otc,currency,1,73.0,1.0,50000.0,5,43200,"[60, 120, 180, 300, 600, 900, 1800, 2700, 3600, 7200, 10800, 14400]",2026-02-26 16:39:12.837464,2026-03-01 01:48:56.555877
525,American_Express_otc,American_Express_otc,currency,1,37.0,1.0,50000.0,5,43200,"[60, 120, 180, 300, 600, 900, 1800, 2700, 3600, 7200, 10800, 14400]",2026-02-26 16:39:12.837464,2026-03-01 01:48:56.555372
526,USDSGD_otc,USDSGD_otc,currency,1,70.0,1.0,50000.0,5,43200,"[60, 120, 180, 300, 600, 900, 1800, 2700, 3600, 7200, 10800, 14400]",2026-02-26 16:39:12.837464,2026-03-01 01:48:56.555896
528,YERUSD_otc,YERUSD_otc,currency,1,92.0,1.0,50000.0,5,43200,"[60, 120, 180, 300, 600, 900, 1800, 2700, 3600, 7200, 10800, 14400]",2026-02-26 16:39:12.837464,2026-03-01 01:48:56.555896
530,LBPUSD_otc,LBPUSD_otc,currency,1,22.0,1.0,50000.0,5,43200,"[60, 120, 180, 300, 600, 900, 1800, 2700, 3600, 7200, 10800, 14400]",2026-02-26 16:39:12.836467,2026-03-01 01:48:56.555012
532,TNDUSD_otc,TNDUSD_otc,currency,1,57.0,1.0,50000.0,5,43200,"[60, 120, 180, 300, 600, 900, 1800, 2700, 3600, 7200, 10800, 14400]",2026-02-26 16:39:12.837464,2026-03-01 01:48:56.555372
534,MADUSD_otc,MADUSD_otc,currency,1,92.0,1.0,50000.0,5,43200,"[60, 120, 180, 300, 600, 900, 1800, 2700, 3600, 7200, 10800, 14400]",2026-02-26 16:39:12.836467,2026-03-01 01:48:56.555372
536,BHDCNY_otc,BHDCNY_otc,currency,1,63.0,1.0,50000.0,5,43200,"[60, 120, 180, 300, 600, 900, 1800, 2700, 3600, 7200, 10800, 14400]",2026-02-26 16:39:12.836467,2026-03-01 01:48:56.554018
538,AEDCNY_otc,AEDCNY_otc,currency,1,92.0,1.0,50000.0,5,43200,"[60, 120, 180, 300, 600, 900, 1800, 2700, 3600, 7200, 10800, 14400]",2026-02-26 16:39:12.836467,2026-03-01 01:48:56.554018
540,SARCNY_otc,SARCNY_otc,currency,1,79.0,1.0,50000.0,5,43200,"[60, 120, 180, 300, 600, 900, 1800, 2700, 3600, 7200, 10800, 14400]",2026-02-26 16:39:12.836467,2026-03-01 01:48:56.555372
542,QARCNY_otc,QARCNY_otc,currency,1,85.0,1.0,50000.0,5,43200,"[60, 120, 180, 300, 600, 900, 1800, 2700, 3600, 7200, 10800, 14400]",2026-02-26 16:39:12.836467,2026-03-01 01:48:56.555372
544,OMRCNY_otc,OMRCNY_otc,currency,1,92.0,1.0,50000.0,5,43200,"[60, 120, 180, 300, 600, 900, 1800, 2700, 3600, 7200, 10800, 14400]",2026-02-26 16:39:12.836467,2026-03-01 01:48:56.555372
546,JODCNY_otc,JODCNY_otc,currency,1,59.0,1.0,50000.0,5,43200,"[60, 120, 180, 300, 600, 900, 1800, 2700, 3600, 7200, 10800, 14400]",2026-02-26 16:39:12.836467,2026-03-01 01:48:56.555012
548,IRRUSD_otc,IRRUSD_otc,currency,1,92.0,1.0,50000.0,5,43200,"[60, 120, 180, 300, 600, 900, 1800, 2700, 3600, 7200, 10800, 14400]",2026-02-26 16:39:12.836467,2026-03-01 01:48:56.555012
550,SYPUSD_otc,SYPUSD_otc,currency,1,92.0,1.0,50000.0,5,43200,"[60, 120, 180, 300, 600, 900, 1800, 2700, 3600, 7200, 10800, 14400]",2026-02-26 16:39:12.837464,2026-03-01 01:48:56.555372
552,NGNUSD_otc,NGNUSD_otc,currency,1,67.0,1.0,50000.0,5,43200,"[60, 120, 180, 300, 600, 900, 1800, 2700, 3600, 7200, 10800, 14400]",2026-02-26 16:39:12.836467,2026-03-01 01:48:56.555372
554,KESUSD_otc,KESUSD_otc,currency,1,85.0,1.0,50000.0,5,43200,"[60, 120, 180, 300, 600, 900, 1800, 2700, 3600, 7200, 10800, 14400]",2026-02-26 16:39:12.836467,2026-03-01 01:48:56.555012
556,ZARUSD_otc,ZARUSD_otc,currency,1,92.0,1.0,50000.0,5,43200,"[60, 120, 180, 300, 600, 900, 1800, 2700, 3600, 7200, 10800, 14400]",2026-02-26 16:39:12.837464,2026-03-01 01:48:56.555896
558,UAHUSD_otc,UAHUSD_otc,currency,1,92.0,1.0,50000.0,5,43200,"[60, 120, 180, 300, 600, 900, 1800, 2700, 3600, 7200, 10800, 14400]",2026-02-26 16:39:12.837464,2026-03-01 01:48:56.555372
560,VIX_otc,VIX_otc,stock,1,92.0,1.0,50000.0,5,43200,"[60, 120, 180, 300, 600, 900, 1800, 2700, 3600, 7200, 10800, 14400]",2026-02-26 16:39:12.837464,2026-03-01 01:48:56.555896
562,PLTR_otc,PLTR_otc,stock,1,76.0,1.0,50000.0,5,43200,"[60, 120, 180, 300, 600, 900, 1800, 2700, 3600, 7200, 10800, 14400]",2026-02-26 16:39:12.836467,2026-03-01 01:48:56.555372
566,GME_otc,GME_otc,stock,1,40.0,1.0,50000.0,5,43200,"[60, 120, 180, 300, 600, 900, 1800, 2700, 3600, 7200, 10800, 14400]",2026-02-26 16:39:12.836467,2026-03-01 01:48:56.555012
568,AMD_otc,AMD_otc,stock,1,92.0,1.0,50000.0,5,43200,"[60, 120, 180, 300, 600, 900, 1800, 2700, 3600, 7200, 10800, 14400]",2026-02-26 16:39:12.836467,2026-03-01 01:48:56.554018
570,COIN_otc,COIN_otc,stock,1,45.0,1.0,50000.0,5,43200,"[60, 120, 180, 300, 600, 900, 1800, 2700, 3600, 7200, 10800, 14400]",2026-02-26 16:39:12.836467,2026-03-01 01:48:56.554018
572,MARA_otc,MARA_otc,stock,1,92.0,1.0,50000.0,5,43200,"[60, 120, 180, 300, 600, 900, 1800, 2700, 3600, 7200, 10800, 14400]",2026-02-26 16:39:12.836467,2026-03-01 01:48:56.555372
